Model,Accuracy,F1-Macro,Precision-Macro,Recall-Macro,Best CV Score
SVM,0.5782,0.5403,0.5913,0.5251,0.4764
Logistic Regression,0.545,0.5255,0.5261,0.5253,0.4868
Random Forest,0.5118,0.4823,0.5152,0.4713,0.483
Naive Bayes,0.5355,0.4783,0.5363,0.4697,0.4514
XGBoost,0.5261,0.4767,0.5139,0.4682,0.4294
Bidirectional LSTM,0.4786729857819905,0.21581196581196582,0.15955766192733017,0.3333333333333333,0.48341232538223267
